folder,file,fun,priority
abundance,abundance,abund.manycensus,NA
abundance,abundance,abundance,NA
abundance,abundance,abundance.spp,NA
abundance,abundance,abundanceperquad,NA
abundance,abundance,ba,NA
abundance,abundance,basum,NA
abundance,abundance,pop.change,NA
abundance,abundance,pop.change.dbh,NA
biomass,biomass.CTFSdb,agb.dbhmodel,NA
biomass,biomass.CTFSdb,AGB.dbtable,NA
biomass,biomass.CTFSdb,AGB.ind,NA
biomass,biomass.CTFSdb,agb.model,NA
biomass,biomass.CTFSdb,AGB.tree,NA
biomass,biomass.CTFSdb,biomass.change,NA
biomass,biomass.CTFSdb,biomass.CTFSdb,NA
biomass,biomass.CTFSdb,Chave.AGB,NA
biomass,biomass.CTFSdb,density_ind,NA
biomass,biomass.CTFSdb,predht.asym,NA
demogchange,abund.fit.CTFS,abundmodel.fit,NA
demogchange,abund.fit.CTFS,bad.asymexp.param,NA
demogchange,abund.fit.CTFS,bad.asympower.param,NA
demogchange,abund.fit.CTFS,find.xaxis.hist,NA
demogchange,abund.fit.CTFS,fitSeveralAbundModel,NA
demogchange,abund.fit.CTFS,full.abundmodel.llike,NA
demogchange,abund.fit.CTFS,graph.abundmodel,NA
demogchange,abund.fit.CTFS,hyper.abundGibbs,NA
demogchange,abund.fit.CTFS,hyper.mortGibbs,NA
demogchange,abund.fit.CTFS,model.littleR.Gibbs,NA
demogchange,abund.fit.CTFS,prob.N1,NA
demogchange,abund.fit.CTFS,spmean.mort.abundGibbs,NA
demogchange,demogChange,calcMortIndivTable,NA
demogchange,demogChange,individual_grow.table,NA
demogchange,demogChange,individual_mort.table,NA
demogchange,demogChange,lmerMortFixedTime,NA
demogchange,demogChange,lmerMortLinear,NA
growth,growth,biomass.growth,NA
growth,growth,DBHtransition,NA
growth,growth,growth,NA
growth,growth,growth.biomass.indiv,NA
growth,growth,growth.dbh,NA
growth,growth,growth.eachspp,NA
growth,growth,growth.indiv,NA
growth,growth,trim.growth,NA
growth,growthfit.bin,assembleBinOutput,NA
growth,growthfit.bin,bad.binparam,NA
growth,growthfit.bin,bad.binsdpar,NA
growth,growthfit.bin,calculateBinModel.AIC,NA
growth,growthfit.bin,calculateBinModel.bestpred,NA
growth,growthfit.bin,calculateBinModel.BIC,NA
growth,growthfit.bin,defineBinBreaks,NA
growth,growthfit.bin,defineSDpar,NA
growth,growthfit.bin,enoughSamplePerBin,NA
growth,growthfit.bin,extract.growthdata,NA
growth,growthfit.bin,growth.flexbin,NA
growth,growthfit.bin,llike.linearbin.optim,NA
growth,growthfit.bin,run.growthbin.manyspp,NA
growth,growthfit.bin,run.growthfit.bin,NA
growth,growthfit.bin,wideEnoughBins,NA
growth,growthfit.graph,binGraphManySpecies,NA
growth,growthfit.graph,binGraphManySpecies.Panel,NA
growth,growthfit.graph,binGraphSampleSpecies,NA
growth,growthfit.graph,compare.growthbinmodel,NA
growth,growthfit.graph,graph.growthmodel,NA
growth,growthfit.graph,graph.growthmodel.spp,NA
growth,growthfit.graph,graph.outliers,NA
growth,growthfit.graph,graph.outliers.spp,NA
growth,growthfit.graph,overlay.growthbinmodel,NA
map,map,complete.plotmap,NA
map,map,define.graphwindow,NA
map,map,get.filename,NA
map,map,map,NA
map,map,map1species,NA
map,map,map2species,NA
map,map,maptopo,NA
map,map,pdf.allplot,NA
map,map,png.allplot,NA
map,map,setsize,NA
map,mapresponse,coldata.to.imagemat,NA
map,mapresponse,draw.axes,NA
map,mapresponse,image_dataframe,NA
map,mapresponse,imageGraph,NA
mortality,mortality,find.climits,NA
mortality,mortality,mortality,NA
mortality,mortality,mortality.calculation,NA
mortality,mortality,mortality.dbh,NA
mortality,mortality,mortality.eachspp,NA
recruitment,recruitment,recruitment,NA
recruitment,recruitment,recruitment.eachspp,NA
spatial,block.analysis,plot_wavelet,NA
spatial,block.analysis,rasterize,NA
spatial,block.analysis,wavelet.allsp,NA
spatial,block.analysis,wavelet.bivariate,NA
spatial,block.analysis,wavelet.univariate,NA
spatial,NeighborDensityFun,NDcount,NA
spatial,NeighborDensityFun,NeighborDensities,NA
spatial,quadfunc,convert.rowcol,NA
spatial,quadfunc,create.neighbordata,NA
spatial,quadfunc,distance,NA
spatial,quadfunc,findborderquads,NA
spatial,quadfunc,findneighborabund,NA
spatial,quadfunc,full.xygrid,NA
spatial,quadfunc,getquadratname,NA
spatial,quadfunc,getsmallerquads,NA
spatial,quadfunc,gxgy.to.hectindex,NA
spatial,quadfunc,gxgy.to.index,NA
spatial,quadfunc,gxgy.to.lxly,NA
spatial,quadfunc,gxgy.to.quad,NA
spatial,quadfunc,gxgy.to.rowcol,NA
spatial,quadfunc,index.to.gxgy,NA
spatial,quadfunc,index.to.rowcol,NA
spatial,quadfunc,lxly.to.p5,NA
spatial,quadfunc,neighbors,NA
spatial,quadfunc,quad.to.gxgy,NA
spatial,quadfunc,rowcol.to.index,NA
spatial,quadfunc,torus.shift,NA
spatial,RipUvK,Annuli,NA
spatial,RipUvK,CalcRingArea,NA
spatial,RipUvK,circlearea,NA
spatial,RipUvK,partialcirclearea,NA
spatial,RipUvK,RipUvK,NA
speciesarea,spparea,coverage.diag,NA
speciesarea,spparea,graph.quadrats,NA
speciesarea,spparea,selectrandomquad,NA
speciesarea,spparea,selectrandomquad2,NA
speciesarea,spparea,selectrandomquad3,NA
speciesarea,spparea,spparea.sq,NA
startCTFS,startCTFS,startCTFS,NA
topography,imageJ,distance.to.side,NA
topography,imageJ,fullplot.imageJ,NA
topography,imageJ,imageJ.to.lxly,NA
topography,imageJ,SectionCorrection,NA
topography,slope,allquadratslopes,NA
topography,slope,calc.directionslope,NA
topography,slope,calc.gradient,NA
topography,slope,calcslope,NA
topography,slope,elev.to.list,NA
topography,slope,quadslope,NA
topography,slope,readelevdata,NA
topography,solvetopo,getTopoLinks,NA
topography,solvetopo,rearrangeSurveyData,NA
topography,solvetopo,solve_topo,NA
utilities,calcalpha,calcalpha,NA
utilities,calcalpha,calcS.alpha,NA
utilities,calcalpha,d.calcS.alpha,NA
utilities,calcalpha,rarefy.diversity,NA
utilities,distributions,addBinParam,NA
utilities,distributions,asymp.ht,NA
utilities,distributions,asymp.ht.fixmax,NA
utilities,distributions,asymptote.exp,NA
utilities,distributions,bad.paretopar,NA
utilities,distributions,beta.normalized,NA
utilities,distributions,beta.total,NA
utilities,distributions,betaproduct,NA
utilities,distributions,center.predictors,NA
utilities,distributions,constant,NA
utilities,distributions,constant.bin,NA
utilities,distributions,constant.linear,NA
utilities,distributions,dasymexp,NA
utilities,distributions,dasymnorm,NA
utilities,distributions,dasympower,NA
utilities,distributions,dbeta.reparam,NA
utilities,distributions,dbinomrev,NA
utilities,distributions,default.badpar,NA
utilities,distributions,dexp.sin,NA
utilities,distributions,dgamma.mean,NA
utilities,distributions,dgamma.meansd,NA
utilities,distributions,dgamma.scale,NA
utilities,distributions,dgammadexp,NA
utilities,distributions,dgammaMinusdexp,NA
utilities,distributions,dgammaPlusdexp,NA
utilities,distributions,discrete.model,NA
utilities,distributions,discrete.mortmodel,NA
utilities,distributions,dmixnorm,NA
utilities,distributions,dnormprod0,NA
utilities,distributions,dnormrev,NA
utilities,distributions,doublenormal,NA
utilities,distributions,dpois.max,NA
utilities,distributions,dpois.maxtrunc,NA
utilities,distributions,dpois.rearrange,NA
utilities,distributions,dpois.trunc,NA
utilities,distributions,dpower,NA
utilities,distributions,dsymexp,NA
utilities,distributions,dweibull.3param,NA
utilities,distributions,exp_2par,NA
utilities,distributions,expon.model,NA
utilities,distributions,exponential.sin,NA
utilities,distributions,fit.beta.normal,NA
utilities,distributions,fit.logistic,NA
utilities,distributions,fit.pdf,NA
utilities,distributions,fitnorm,NA
utilities,distributions,graph.mvnorm,NA
utilities,distributions,invlogit,NA
utilities,distributions,linear.model,NA
utilities,distributions,linear.model.ctr,NA
utilities,distributions,linear.mortmodel,NA
utilities,distributions,linearmodel.bin,NA
utilities,distributions,linearmodel.bin.set,NA
utilities,distributions,log_model,NA
utilities,distributions,logistic.ctr,NA
utilities,distributions,logistic.inter,NA
utilities,distributions,logistic.multiplicative,NA
utilities,distributions,logistic.power,NA
utilities,distributions,logistic.power.mode,NA
utilities,distributions,logistic.power_simple,NA
utilities,distributions,logistic.standard,NA
utilities,distributions,logistic.sum.squares,NA
utilities,distributions,logisticmodel.bin,NA
utilities,distributions,logit,NA
utilities,distributions,minum.beta.normal,NA
utilities,distributions,minum.mixnorm,NA
utilities,distributions,minum.normal,NA
utilities,distributions,mvrnormRC,NA
utilities,distributions,normalproduct,NA
utilities,distributions,pexp.sin,NA
utilities,distributions,pospower,NA
utilities,distributions,psymexp,NA
utilities,distributions,pweibull.3param,NA
utilities,distributions,qasymexp,NA
utilities,distributions,qasympower,NA
utilities,distributions,rasympower,NA
utilities,distributions,rgamma.meansd,NA
utilities,distributions,rmixnorm,NA
utilities,distributions,rpois.max,NA
utilities,distributions,rpois.trunc,NA
utilities,distributions,rpower,NA
utilities,distributions,rsymexp,NA
utilities,distributions,simple,NA
utilities,distributions,simple.model,NA
utilities,distributions,weibull.mean.3param,NA
utilities,distributions,weibull.median.3param,NA
utilities,distributions,weibull.sd.3param,NA
utilities,geometry,angleBisector,NA
utilities,geometry,are.ptsinside,NA
utilities,geometry,cartesian.to.polar,NA
utilities,geometry,circle,NA
utilities,geometry,drawrectangle,NA
utilities,geometry,ellipse,NA
utilities,geometry,fullcircle,NA
utilities,geometry,fullellipse,NA
utilities,geometry,inside.rect,NA
utilities,geometry,insideRectangle,NA
utilities,geometry,intersection.line.curve,NA
utilities,geometry,intersection.of.lines,NA
utilities,geometry,is.between,NA
utilities,geometry,ispt.inside,NA
utilities,geometry,line.intersection.pts,NA
utilities,geometry,parallel.line,NA
utilities,geometry,perpendicular.distance,NA
utilities,geometry,perpendicular.line,NA
utilities,geometry,polar.to.cartesian,NA
utilities,geometry,pts.to.interceptslope,NA
utilities,geometry,segmentPt,NA
utilities,geometry,xydist,NA
utilities,geometry,xydistmat,NA
utilities,geometry,xydistvect,NA
utilities,lmerBayes,arrangeParam.Gibbs.2D,NA
utilities,lmerBayes,arrangeParam.llike.2D,NA
utilities,lmerBayes,badSD,NA
utilities,lmerBayes,covTocorr,NA
utilities,lmerBayes,full.likelihood.lmerBayes,NA
utilities,lmerBayes,llike.model.lmer,NA
utilities,lmerBayes,lmerBayes,NA
utilities,lmerBayes,lmerBayes.hyperllike.mean,NA
utilities,lmerBayes,lmerBayes.hyperllike.sigma,NA
utilities,lmerBayes,recalculate.lmerBayesllike,NA
utilities,lmerBayes,resetParam,NA
utilities,lmerBayes,residual.llike.lmerBayes,NA
utilities,lmerBayes,restoreParamFile,NA
utilities,lmerBayes,saveParamFile,NA
utilities,lmerBayes,summaryMCMC,NA
utilities,modelBayes,modelBayes,NA
utilities,modelBayes,residual.llike.modelBayes,NA
utilities,modelBayes,summaryModelMCMC,NA
utilities,statistics,arrangeParam.Gibbs,NA
utilities,statistics,arrangeParam.llike,NA
utilities,statistics,autoregression,NA
utilities,statistics,BadParam,NA
utilities,statistics,bootconf,NA
utilities,statistics,bootstrap.corr,NA
utilities,statistics,border.distance,NA
utilities,statistics,CI,NA
utilities,statistics,colMedians,NA
utilities,statistics,cumul.above,NA
utilities,statistics,Gibbs.normalmean,NA
utilities,statistics,Gibbs.normalvar,NA
utilities,statistics,Gibbs.regsigma,NA
utilities,statistics,Gibbs.regslope,NA
utilities,statistics,graph.modeldiag,NA
utilities,statistics,harmonic.mean,NA
utilities,statistics,hist_compare,NA
utilities,statistics,is.odd,NA
utilities,statistics,kurtosis,NA
utilities,statistics,llike.GaussModel,NA
utilities,statistics,llike.GaussModelSD,NA
utilities,statistics,majoraxisreg,NA
utilities,statistics,majoraxisreg.no.int,NA
utilities,statistics,metrop1step,NA
utilities,statistics,metrop1step.discrete,NA
utilities,statistics,midPoint,NA
utilities,statistics,minum.perpdist,NA
utilities,statistics,model.xy,NA
utilities,statistics,regress.loglog,NA
utilities,statistics,regress.plot,NA
utilities,statistics,regression.Bayes,NA
utilities,statistics,regslope,NA
utilities,statistics,regslope.noint,NA
utilities,statistics,regsum,NA
utilities,statistics,se.kurtosis,NA
utilities,statistics,se.skewness,NA
utilities,statistics,skewness,NA
utilities,statistics,standardreg.no.int,NA
utilities,statistics,sumsq,NA
utilities,statistics,testmcmcfunc,NA
utilities,utilities,AssignDiag,NA
utilities,utilities,attach_if_needed,NA
utilities,utilities,charlocate,NA
utilities,utilities,convert.factor,NA
utilities,utilities,CountByGroup,NA
utilities,utilities,countEmpty,NA
utilities,utilities,countNA,NA
utilities,utilities,countone,NA
utilities,utilities,countpresent,NA
utilities,utilities,countUnique,NA
utilities,utilities,countzero,NA
utilities,utilities,create.fulldate,NA
utilities,utilities,create.fulldate.split,NA
utilities,utilities,detachfiles,NA
utilities,utilities,ditch,NA
utilities,utilities,drp,NA
utilities,utilities,explode,NA
utilities,utilities,fill.1dimension,NA
utilities,utilities,fill.dimension,NA
utilities,utilities,find.nonNA,NA
utilities,utilities,fromjulian,NA
utilities,utilities,graphFilledBand,NA
utilities,utilities,gsp,NA
utilities,utilities,IfElse,NA
utilities,utilities,is.leap,NA
utilities,utilities,left,NA
utilities,utilities,leftbut,NA
utilities,utilities,logical.grep,NA
utilities,utilities,make.CredIntervalVect,NA
utilities,utilities,match.dataframe,NA
utilities,utilities,merge_data,NA
utilities,utilities,mergeParam,NA
utilities,utilities,nhd,NA
utilities,utilities,order.by.rowcol,NA
utilities,utilities,order.bynumber,NA
utilities,utilities,pst,NA
utilities,utilities,randomElement,NA
utilities,utilities,randomRow,NA
utilities,utilities,right,NA
utilities,utilities,rightbut,NA
utilities,utilities,save.searchpath,NA
utilities,utilities,split_data,NA
utilities,utilities,StringToVect,NA
utilities,utilities,TextToRdata,NA
utilities,utilities,tojulian,NA
utilities,utilities,trim,NA
utilities,utilities,vectToCommas,NA
utilities,utilities,which.allnonNA,NA
utilities,utilities,which.maxNAs,NA
utilities,utilities,which.nonNA,NA
utilities,utilities,which.vmatch,NA
utilities,utilitiesCTFS,assemble.demography,NA
utilities,utilitiesCTFS,clean.demography,NA
utilities,utilitiesCTFS,countspp,NA
utilities,utilitiesCTFS,CTFSplot,NA
utilities,utilitiesCTFS,exclude.unidentified,NA
utilities,utilitiesCTFS,load.species,NA
utilities,utilitiesCTFS,rndown5,NA
utilities,utilitiesCTFS,unidentified.species,NA
NA,dat_monthnames,MONTHNAMES,NA
